{"cameraMode":{"drawMode":0,"name":"Shaded","section":"Shading Mode"},"sceneLighting":true,"audioPlay":false,"sceneViewState":{"showFog":true,"showMaterialUpdate":true,"showSkybox":true,"showFlares":true,"showImageEffects":true,"showParticleSystems":true},"in2DMode":false,"pivot":{"x":21.970417022705079,"y":0.5641581416130066,"z":-0.4885360598564148},"rotation":{"x":-0.11910557001829148,"y":-0.10019154101610184,"z":0.012081578373908997,"w":-0.987739622592926},"size":105.91931915283203,"orthographic":false}