{"cameraMode":{"drawMode":0,"name":"Shaded","section":"Shading Mode"},"sceneLighting":false,"audioPlay":false,"sceneViewState":{"showFog":true,"showMaterialUpdate":true,"showSkybox":true,"showFlares":true,"showImageEffects":true,"showParticleSystems":true},"in2DMode":false,"pivot":{"x":3.6021862030029299,"y":0.02147674560546875,"z":0.0},"rotation":{"x":-0.11910557001829148,"y":-0.10019154101610184,"z":0.012081578373908997,"w":-0.987739622592926},"size":7.536898612976074,"orthographic":false}