{"cameraMode":{"drawMode":0,"name":"Shaded","section":"Shading Mode"},"sceneLighting":false,"audioPlay":false,"sceneViewState":{"showFog":true,"showMaterialUpdate":true,"showSkybox":true,"showFlares":true,"showImageEffects":true,"showParticleSystems":true},"in2DMode":false,"pivot":{"x":0.0,"y":0.6499999761581421,"z":0.6499999761581421},"rotation":{"x":-0.20759394764900208,"y":-0.05102583393454552,"z":0.010844014585018158,"w":-0.9768232107162476},"size":6.813725690335559e-7,"orthographic":false}